{
  "project_info": {
    "project_number": "995867673449",
    "project_id": "complaintbox-932ea",
    "storage_bucket": "complaintbox-932ea.appspot.com"
  },
  "client": [
    {
      "client_info": {
        "mobilesdk_app_id": "1:995867673449:android:f2338f6c743eb7a0ff73f8",
        "android_client_info": {
          "package_name": "in.ac.sharda.complaintbox"
        }
      },
      "oauth_client": [
        {
          "client_id": "995867673449-l5ib253d5tukg41b8trpc8fgtgtrtrjk.apps.googleusercontent.com",
          "client_type": 1,
          "android_info": {
            "package_name": "in.ac.sharda.complaintbox",
            "certificate_hash": "bbc114a3c096ec96b84c3ba0883be5c8f539fed5"
          }
        },
        {
          "client_id": "995867673449-1e8hrdokoqj249mibmaviergeiaelcpj.apps.googleusercontent.com",
          "client_type": 3
        }
      ],
      "api_key": [
        {
          "current_key": "AIzaSyCstRF5mVAh8I5rOw88S_xYTfmMzIYetmI"
        }
      ],
      "services": {
        "appinvite_service": {
          "other_platform_oauth_client": [
            {
              "client_id": "995867673449-1e8hrdokoqj249mibmaviergeiaelcpj.apps.googleusercontent.com",
              "client_type": 3
            }
          ]
        }
      }
    }
  ],
  "configuration_version": "1"
}